"Mozilla/5.0 (Macintosh; U; Intel Mac OS X 13_0_0; en-US; Valve Steam GameOverlay/1676336721; ) AppleWebKit/537.36 (KHTML, like Gecko) Chrome/85.0.4183.121 Safari/537.36"
"Mozilla/5.0 (Macintosh; U; Intel Mac OS X 13_2_1; en-US; Valve Steam Tenfoot/1676336721; ) AppleWebKit/537.36 (KHTML, like Gecko) Chrome/85.0.4183.121 Safari/537.36"
"Mozilla/5.0 (Macintosh; U; Intel Mac OS X 13_2_1; en-US; Valve Steam GameOverlay/1676336721; ) AppleWebKit/537.36 (KHTML, like Gecko) Chrome/85.0.4183.121 Safari/537.36"
"Mozilla/5.0 (Macintosh; U; Intel Mac OS X 13_2_0; en-US; Valve Steam GameOverlay/1675222618; ) AppleWebKit/537.36 (KHTML, like Gecko) Chrome/85.0.4183.121 Safari/537.36"
"Mozilla/5.0 (Macintosh; U; Intel Mac OS X 13_2_0; en-US; Valve Steam GameOverlay/1675222618; ) AppleWebKit/537.36 (KHTML, like Gecko) Chrome/420.0.4183.121 Safari/537.36"
"Mozilla/5.0 (Macintosh; U; Intel Mac OS X 13_1_0; en-US; Valve Steam Tenfoot/1674790765; ) AppleWebKit/537.36 (KHTML, like Gecko) Chrome/85.0.4183.121 Safari/537.36"
"Mozilla/5.0 (Macintosh; U; Intel Mac OS X 13_0_1; en-US; Valve Steam GameOverlay/1671236931; ) AppleWebKit/537.36 (KHTML, like Gecko) Chrome/85.0.4183.121 Safari/537.36"
"Mozilla/5.0 (Macintosh; U; Intel Mac OS X 13_1_0; en-US; Valve Steam GameOverlay/1671236931; ) AppleWebKit/537.36 (KHTML, like Gecko) Chrome/85.0.4183.121 Safari/537.36"
"Mozilla/5.0 (Macintosh; U; Intel Mac OS X 13_0_0; en-US; Valve Steam GameOverlay/1666144119; ) AppleWebKit/537.36 (KHTML, like Gecko) Chrome/85.0.4183.121 Safari/537.36"
Mozilla/5.0 (Macintosh; Intel Mac OS X 10.9; rv:43.0) Gecko/20100101 Firefox/43.0 SeaMonkey/8650
Mozilla/5.0 (Macintosh; PPC Mac OS X 10.5; rv:31.0) Gecko/20100101 Firefox/30.0 TenFourFox/7477
Mozilla/5.0 (Macintosh; PPC Mac OS X 10.5; FPR12; rv:45.0) Gecko/20100101 Firefox/45.0 TenFourFox/7450
Mozilla/5.0 (Macintosh; PPC Mac OS X 10.5; FPR14; rv:45.0) Gecko/20100101 Firefox/45.0 TenFourFox/7450
Mozilla/5.0 (Macintosh; PPC Mac OS X 10.5; rv:17.0) Gecko/17.0 Firefox/17.0 TenFourFox/7450
Mozilla/5.0 (Macintosh; PPC Mac OS X 10.4; rv:38.0) Gecko/20100101 Firefox/38.0 TenFourFox/7450
Mozilla/5.0 (Macintosh; PPC Mac OS X 10.4; rv:45.0) Gecko/20100101 Firefox/45.0 TenFourFox/7450
Mozilla/5.0 (Macintosh; PPC Mac OS X 10.4; FPR21; rv:45.0) Gecko/20100101 Firefox/45.0 TenFourFox/7450
Mozilla/5.0 (Macintosh; PPC Mac OS X 10.4; FPR30; rv:45.0) Gecko/20100101 Firefox/45.0 TenFourFox/7450
Mozilla/5.0 (Macintosh; PPC Mac OS X 10.4; FPR27; rv:45.0) Gecko/20100101 Firefox/45.0 TenFourFox/7450
Mozilla/5.0 (Macintosh; PPC Mac OS X 10.5; rv:17.0) Gecko/20130328 Firefox/17.0 TenFourFox/7450
Mozilla/5.0 (Macintosh; PPC Mac OS X 10.5; rv:31.0) Gecko/20100101 Firefox/31.0 TenFourFox/7450
Mozilla/5.0 (Macintosh; PPC Mac OS X 10.5; rv:17.0) Gecko/20130105 Firefox/17.0 TenFourFox/7450
Mozilla/5.0 (Macintosh; PPC Mac OS X 10.5; FPR2; rv:45.0) Gecko/20100101 Firefox/45.0 TenFourFox/7450
Mozilla/5.0 (Macintosh; PPC Mac OS X 10.4; rv:17.0) Gecko/20130328 Firefox/17.0 TenFourFox/7450
Mozilla/5.0 (Macintosh; PPC Mac OS X 10.4; rv:10.0.9) Gecko/20121011 Firefox/10.0.9 TenFourFox/7450
Mozilla/5.0 (Macintosh; PPC Mac OS X 10.4; FPR16; rv:45.0) Gecko/20100101 Firefox/45.0 TenFourFox/7450 AlexaToolbar/alxf-2.21
Mozilla/5.0 (Macintosh; PPC Mac OS X 10.5; FPR8; rv:45.0) Gecko/20100101 Firefox/45.0 TenFourFox/7450
Mozilla/5.0 (Macintosh; PPC Mac OS X 10.5; rv:10.0.6) Gecko/20120714 Firefox/10.0.6 TenFourFox/7450
Mozilla/5.0 (Macintosh; PPC Mac OS X 10.5; FPR6; rv:45.0) Gecko/20100101 Firefox/45.0 TenFourFox/7450
Mozilla/5.0 (Macintosh; PPC Mac OS X 10.5; FPR10; rv:45.0) Gecko/20100101 Firefox/45.0 TenFourFox/7450
Mozilla/5.0 (Macintosh; PPC Mac OS X 10.4; FPR7; rv:45.0) Gecko/20100101 Firefox/45.0 TenFourFox/7450
Mozilla/5.0 (Macintosh; PPC Mac OS X 10.4; FPR22; rv:45.0) Gecko/20100101 Firefox/45.0 TenFourFox/7450
Mozilla/5.0 (Macintosh; PPC Mac OS X 10.4; rv:17.0) Gecko/20130805 Firefox/17.0 TenFourFox/7450
Mozilla/5.0 (Macintosh; PPC Mac OS X 10.4; FPR12; rv:45.0) Gecko/20100101 Firefox/45.0 TenFourFox/7450
Mozilla/5.0 (Macintosh; PPC Mac OS X 10.4; FPR8; rv:45.0) Gecko/20100101 Firefox/45.0 TenFourFox/7450
Mozilla/5.0 (Macintosh; PPC Mac OS X 10.5; FPR23; rv:45.0) Gecko/20100101 Firefox/45.0 TenFourFox/7450
Mozilla/5.0 (Macintosh; PPC Mac OS X 10.4; rv:17.0) Gecko/20131114 Firefox/17.0 TenFourFox/7450
Mozilla/5.0 (Macintosh; PPC Mac OS X 10.6; FPR31; rv:45.0) Gecko/20100101 Firefox/45.0 TenFourFox/7450
Mozilla/5.0 (Macintosh; PPC Mac OS X 10.5; FPR18; rv:45.0) Gecko/20100101 Firefox/45.0 TenFourFox/7450
Mozilla/5.0 (Macintosh; PPC Mac OS X 10.4; FPR8; rv:45.0) Gecko/20100101 Firefox/45.0 TenFourFox/7450 AlexaToolbar/alxf-2.21
Mozilla/5.0 (Macintosh; PPC Mac OS X 10.4; FPR23; rv:45.0) Gecko/20100101 SVT/1.0.1 TenFourFox/7450
Mozilla/5.0 (Macintosh; PPC Mac OS X 10.5; rv:38.0) Gecko/20100101 Firefox/38.0 TenFourFox/7450
Mozilla/5.0 (Macintosh; PPC Mac OS X 10.4; FPR32; rv:45.0) Gecko/20100101 Firefox/45.0 TenFourFox/7450
Mozilla/5.0 (Macintosh; PPC Mac OS X 10.4; FPR17; rv:45.0) Gecko/20100101 Firefox/45.0 TenFourFox/7450
Mozilla/5.0 (Macintosh; PPC Mac OS X 10.5; FPR4; rv:45.0) Gecko/20100101 Firefox/45.0 TenFourFox/7450
Mozilla/5.0 (Macintosh; PPC Mac OS X 10.4; FPR3; rv:45.0) Gecko/20100101 Firefox/45.0 TenFourFox/7450
Mozilla/5.0 (Macintosh; PPC Mac OS X 10.5; FPR7; rv:45.0) Gecko/20100101 Firefox/45.0 TenFourFox/7450
Mozilla/5.0 (Macintosh; PPC Mac OS X 10.5; FPR21; rv:45.0) Gecko/20100101 Firefox/45.0 TenFourFox/7450
Mozilla/5.0 (Macintosh; PPC Mac OS X 10.5; FPR32; rv:45.0) Gecko/20100101 Firefox/45.0 TenFourFox/7450
Mozilla/5.0 (Macintosh; PPC Mac OS X 10.4; rv:17.0) Gecko/20130308 Firefox/17.0 TenFourFox/7450
Mozilla/5.0 (Macintosh; PPC Mac OS X 10.4; FPR6; rv:45.0) Gecko/20100101 Firefox/45.0 TenFourFox/7450
Mozilla/5.0 (Macintosh; PPC Mac OS X 10.5; rv:17.0) Gecko/20121128 Firefox/17.0 TenFourFox/7450
Mozilla/5.0 (Macintosh; PPC Mac OS X 10.5; FPR27; rv:45.0) Gecko/20100101 Firefox/45.0 TenFourFox/7450
Mozilla/5.0 (Macintosh; PPC Mac OS X 10.5; FPR13; rv:45.0) Gecko/20100101 Firefox/45.0 TenFourFox/7450
Mozilla/5.0 (Macintosh; PPC Mac OS X 10.4; FPR13; rv:45.0) Gecko/20100101 Firefox/45.0 TenFourFox/7450
Mozilla/5.0 (Macintosh; PPC Mac OS X 10.5; FPR3; rv:45.0) Gecko/20100101 Firefox/45.0 TenFourFox/7450
Mozilla/5.0 (Macintosh; PPC Mac OS X 10.4; FPR26; rv:45.0) Gecko/20100101 Firefox/45.0 TenFourFox/7450
Mozilla/5.0 (Macintosh; PPC Mac OS X 10.5; FPR29; rv:45.0) Gecko/20100101 Firefox/45.0 TenFourFox/7450
Mozilla/5.0 (Macintosh; PPC Mac OS X 10.5; FPR5; rv:45.0) Gecko/20100101 Firefox/45.0 TenFourFox/7450
Mozilla/5.0 (Macintosh; PPC Mac OS X 10.4; rv:10.0.4) Gecko/20120421 Firefox/10.0.4 TenFourFox/7450
Mozilla/5.0 (Macintosh; PPC Mac OS X 10.5; FPR26; rv:45.0) Gecko/20100101 Firefox/45.0 TenFourFox/7450
Mozilla/5.0 (Macintosh; PPC Mac OS X 10.4; FPR25; rv:45.0) Gecko/20100101 Firefox/45.0 TenFourFox/7450
Mozilla/5.0 (Macintosh; PPC Mac OS X 10.6; FPR26; rv:45.0) Gecko/20100101 Firefox/45.0 TenFourFox/7450
Mozilla/5.0 (Macintosh; PPC Mac OS X 10.4; FPR1; rv:45.0) Gecko/20100101 Firefox/45.0 TenFourFox/7450
Mozilla/5.0 (Macintosh; PPC Mac OS X 10.4; rv:31.0) Gecko/20100101 Firefox/31.0 TenFourFox/7450
Mozilla/5.0 (Macintosh; PPC Mac OS X 10.4; FPR24; rv:45.0) Gecko/20100101 Firefox/45.0 TenFourFox/7450
Mozilla/5.0 (Macintosh; PPC Mac OS X 10.5; rv:24.0) Gecko/20140315 Firefox/24.0 TenFourFox/7450
Mozilla/5.0 (Macintosh; PPC Mac OS X 10.5; rv:10.0.3) Gecko/20120307 Firefox/10.0.3 TenFourFox/7450
Mozilla/5.0 (Macintosh; PPC Mac OS X 10.5; FPR22; rv:45.0) Gecko/20100101 Firefox/45.0 TenFourFox/7450
Mozilla/5.0 (Macintosh; PPC Mac OS X 10.4; FPR9; rv:45.0) Gecko/20100101 Firefox/45.0 TenFourFox/7450
Mozilla/5.0 (Macintosh; PPC Mac OS X 10.4; FPR11; rv:45.0) Gecko/20100101 Firefox/45.0 TenFourFox/7450
Mozilla/5.0 (Macintosh; PPC Mac OS X 10.4; rv:17.0) Gecko/20130105 Firefox/17.0 TenFourFox/7450
Mozilla/5.0 (Macintosh; PPC Mac OS X 10.4; FPR20; rv:45.0) Gecko/20100101 Firefox/45.0 TenFourFox/7450
Mozilla/5.0 (Macintosh; PPC Mac OS X 10.5; rv:45.0) Gecko/20100101 Firefox/45.0 TenFourFox/7450
Mozilla/5.0 (Macintosh; PPC Mac OS X 10.5; FPR31; rv:45.0) Gecko/20100101 Firefox/45.0 TenFourFox/7450
Mozilla/5.0 (Macintosh; PPC Mac OS X 10.4; rv:24.0) Gecko/20131206 Firefox/24.0 TenFourFox/7450
Mozilla/5.0 (Macintosh; PPC Mac OS X 10.4; FPR14; rv:45.0) Gecko/20100101 Firefox/45.0 TenFourFox/7450
Mozilla/5.0 (Macintosh; PPC Mac OS X 10.5; FPR19; rv:45.0) Gecko/20100101 Firefox/45.0 TenFourFox/7450
Mozilla/5.0 (Macintosh; PPC Mac OS X 10.5; FPR15; rv:45.0) Gecko/20100101 Firefox/45.0 TenFourFox/7450
Mozilla/5.0 (Macintosh; PPC Mac OS X 10.4; FPR23; rv:45.0) Gecko/20100101 Firefox/45.0 TenFourFox/7450
Mozilla/5.0 (Macintosh; PPC Mac OS X 10.4; FPR29; rv:45.0) Gecko/20100101 Firefox/45.0 TenFourFox/7450
Mozilla/5.0 (Macintosh; PPC Mac OS X 10.5; rv:24.0) Gecko/20140607 Firefox/24.0 TenFourFox/7450
Mozilla/5.0 (Macintosh; PPC Mac OS X 10.4; FPR28; rv:45.0) Gecko/20100101 Firefox/45.0 TenFourFox/7450
Mozilla/5.0 (Macintosh; PPC Mac OS X 10.5; rv:10.0.2) Gecko/20120216 Firefox/10.0.2 TenFourFox/7450
Mozilla/5.0 (Macintosh; PPC Mac OS X 10.4; FPR15; rv:45.0) Gecko/20100101 Firefox/45.0 TenFourFox/7450
Mozilla/5.0 (Macintosh; PPC Mac OS X 10.5; rv:10.0.5) Gecko/20120601 Firefox/10.0.5 TenFourFox/7450
Mozilla/5.0 (Macintosh; PPC Mac OS X 10.4; rv:10.0.5) Gecko/20120601 Firefox/10.0.5 TenFourFox/7450
Mozilla/5.0 (Macintosh; PPC Mac OS X 10.4; FPR4; rv:45.0) Gecko/20100101 Firefox/45.0 TenFourFox/7450
Mozilla/5.0 (Macintosh; PPC Mac OS X 10.4; FPR10; rv:45.0) Gecko/20100101 Firefox/45.0 TenFourFox/7450
Mozilla/5.0 (Macintosh; PPC Mac OS X 10.5; FPR24; rv:45.0) Gecko/20100101 Firefox/45.0 TenFourFox/7450
Mozilla/5.0 (Macintosh; PPC Mac OS X 10.5; FPR9; rv:45.0) Gecko/20100101 Firefox/45.0 TenFourFox/7450
Mozilla/5.0 (Macintosh; PPC Mac OS X 10.5; FPR11; rv:45.0) Gecko/20100101 Firefox/45.0 TenFourFox/7450
Mozilla/5.0 (Macintosh; PPC Mac OS X 10.5; FPR1; rv:45.0) Gecko/20100101 Firefox/45.0 TenFourFox/7450
Mozilla/5.0 (Macintosh; PPC Mac OS X 10.4; FPR18; rv:45.0) Gecko/20100101 Firefox/45.0 TenFourFox/7450
Mozilla/5.0 (Macintosh; PPC Mac OS X 10.4; FPR2; rv:45.0) Gecko/20100101 Firefox/45.0 TenFourFox/7450
Mozilla/5.0 (Macintosh; PPC Mac OS X 10.5; FPR28; rv:45.0) Gecko/20100101 Firefox/45.0 TenFourFox/7450
Mozilla/5.0 (Macintosh; PPC Mac OS X 10.5; rv:17.0) Gecko/20131114 Firefox/17.0 TenFourFox/7450
Mozilla/5.0 (Macintosh; PPC Mac OS X 10.4; FPR31; rv:45.0) Gecko/20100101 Firefox/45.0 TenFourFox/7450
Mozilla/5.0 (Macintosh; PPC Mac OS X 10.4; FPR19; rv:45.0) Gecko/20100101 Firefox/45.0 TenFourFox/7450
Mozilla/5.0 (Macintosh; PPC Mac OS X 10.5; FPR30; rv:45.0) Gecko/20100101 Firefox/45.0 TenFourFox/7450
Mozilla/5.0 (Macintosh; PPC Mac OS X 10.4; rv:22.0) Gecko/20130623 Firefox/22.0 TenFourFox/7450
Mozilla/5.0 (Macintosh; PPC Mac OS X; rv:45.0) Gecko/20100101 Firefox/45.0 TenFourFox/7450
Mozilla/5.0 (Macintosh; PPC Mac OS X 10.4; FPR5; rv:45.0) Gecko/20100101 Firefox/45.0 TenFourFox/7450
Mozilla/5.0 (Macintosh; PPC Mac OS X 10.5; rv:17.0) Gecko/20130509 Firefox/17.0 TenFourFox/7450
Mozilla/5.0 (Macintosh; PPC Mac OS X 10.5; FPR17; rv:45.0) Gecko/20100101 Firefox/45.0 TenFourFox/7450
Mozilla/5.0 (Macintosh; PPC Mac OS X 10.5; FPR25; rv:45.0) Gecko/20100101 Firefox/45.0 TenFourFox/7450
Mozilla/5.0 (Macintosh; PPC Mac OS X 10.5; FPR20; rv:45.0) Gecko/20100101 Firefox/45.0 TenFourFox/7450
Mozilla/5.0 (Macintosh; PPC Mac OS X 10.5; FPR9; rv:45.0) Gecko/20100101 Firefox/45.0 TenFourFox/7400
Mozilla/5.0 (Macintosh; PPC Mac OS X 10.5; FPR22; rv:45.0) Gecko/20100101 Firefox/45.0 TenFourFox/7400
Mozilla/5.0 (Macintosh; PPC Mac OS X 10.4; FPR32; rv:45.0) Gecko/20100101 Firefox/45.0 TenFourFox/7400
Mozilla/5.0 (Macintosh; PPC Mac OS X 10.5; FPR24; rv:45.0) Gecko/20100101 Firefox/45.0 TenFourFox/7400
Mozilla/5.0 (Macintosh; PPC Mac OS X 10.4; rv:31.0) Gecko/20100101 Firefox/31.0 TenFourFox/7400
Mozilla/5.0 (Macintosh; PPC Mac OS X 10.4; FPR10; rv:45.0) Gecko/20100101 Firefox/45.0 TenFourFox/7400
Mozilla/5.0 (Macintosh; PPC Mac OS X 10.5; rv:38.0) Gecko/20100101 Firefox/38.0 TenFourFox/7400
Mozilla/5.0 (Macintosh; PPC Mac OS X 10.5; FPR30; rv:45.0) Gecko/20100101 Firefox/45.0 TenFourFox/7400
Mozilla/5.0 (Macintosh; PPC Mac OS X 10.4; FPR24; rv:45.0) Gecko/20100101 Firefox/45.0 TenFourFox/7400
Mozilla/5.0 (Macintosh; PPC Mac OS X 10.5; FPR18; rv:45.0) Gecko/20100101 Firefox/45.0 TenFourFox/7400
Mozilla/5.0 (Macintosh; PPC Mac OS X 10.4; FPR16; rv:45.0) Gecko/20100101 Firefox/45.0 TenFourFox/7400
Mozilla/5.0 (Macintosh; PPC Mac OS X 10.4; FPR13; rv:45.0) Gecko/20100101 Firefox/45.0 TenFourFox/7400
Mozilla/5.0 (Macintosh; PPC Mac OS X 10.4; FPR23; rv:45.0) Gecko/20100101 Firefox/45.0 TenFourFox/7400
Mozilla/5.0 (Macintosh; PPC Mac OS X 10.4; rv:45.0) Gecko/20100101 Firefox/45.0 TenFourFox/7400
Mozilla/5.0 (Macintosh; PPC Mac OS X 10.4; FPR31; rv:45.0) Gecko/20100101 Firefox/45.0 TenFourFox/7400
Mozilla/5.0 (Macintosh; PPC Mac OS X 10.4; FPR22; rv:45.0) Gecko/20100101 Firefox/45.0 TenFourFox/7400
Mozilla/5.0 (Macintosh; PPC Mac OS X 10.4; FPR2; rv:45.0) Gecko/20100101 Firefox/45.0 TenFourFox/7400
Mozilla/5.0 (Macintosh; PPC Mac OS X 10.4; rv:38.0) Gecko/20100101 Firefox/38.0 TenFourFox/7400
Mozilla/5.0 (Macintosh; PPC Mac OS X 10.4; FPR27; rv:45.0) Gecko/20100101 Firefox/45.0 TenFourFox/7400
Mozilla/5.0 (Macintosh; PPC Mac OS X 10.5; FPR11; rv:45.0) Gecko/20100101 Firefox/45.0 TenFourFox/7400
Mozilla/5.0 (Macintosh; PPC Mac OS X 10.5; FPR31; rv:45.0) Gecko/20100101 Firefox/45.0 TenFourFox/7400
Mozilla/5.0 (Macintosh; PPC Mac OS X 10.4; FPR11; rv:45.0) Gecko/20100101 Firefox/45.0 TenFourFox/7400
Mozilla/5.0 (Macintosh; PPC Mac OS X 10.4; FPR7; rv:45.0) Gecko/20100101 Firefox/45.0 TenFourFox/7400
Mozilla/5.0 (Macintosh; PPC Mac OS X 10.5; rv:31.0) Gecko/20100101 Firefox/31.0 TenFourFox/7400
Mozilla/5.0 (Macintosh; PPC Mac OS X 10.5; rv:10.0.4) Gecko/20120421 Firefox/10.0.4 TenFourFox/7400
Mozilla/5.0 (Macintosh; PPC Mac OS X 10.4; FPR30; rv:45.0) Gecko/20100101 Firefox/45.0 TenFourFox/7400
Mozilla/5.0 (Macintosh; PPC Mac OS X 10.4; FPR28; rv:45.0) Gecko/20100101 Firefox/45.0 TenFourFox/7400
Mozilla/5.0 (Macintosh; PPC Mac OS X 10.4; FPR17; rv:45.0) Gecko/20100101 Firefox/45.0 TenFourFox/7400
Mozilla/5.0 (Macintosh; PPC Mac OS X 10.4; FPR4; rv:45.0) Gecko/20100101 Firefox/45.0 TenFourFox/7400
Mozilla/5.0 (Macintosh; PPC Mac OS X 10.5; FPR32; rv:45.0) Gecko/20100101 Firefox/45.0 TenFourFox/7400
Mozilla/5.0 (Macintosh; PPC Mac OS X 10.4; FPR8; rv:45.0) Gecko/20100101 Firefox/45.0 TenFourFox/7400
Mozilla/5.0 (Macintosh; PPC Mac OS X 10.4; FPR12; rv:45.0) Gecko/20100101 Firefox/45.0 TenFourFox/7400
"Mozilla/5.0 (Macintosh; U; Intel Mac OS X 10_5_5; en-us) AppleWebKit/525.18 (KHTML,like Gecko) Version/3.1.2 Safari/525.20.1 Maxthon/3250"
"Mozilla/5.0 (Macintosh; Intel Mac OS X) AppleWebKit/538.1 (KHTML, like Gecko) Tableau/2018.1 Safari/538.1"
"Mozilla/5.0 (Macintosh; Intel Mac OS X) AppleWebKit/538.1 (KHTML, like Gecko) Tableau/2018.2 Safari/538.1"
Mozilla/5.0 (Macintosh; PPC Mac OS X 10.4; rv:38.0) Gecko/20100101 Firefox/38.0 TenFourFox/745
"Mozilla/5.0 (Macintosh; U; PowerPC Mac OS X 10_5_8; en-US) AppleWebKit/533.21.1+(KHTML, like Gecko, Safari/533.19.4) Version/6.0 OmniWeb/630.0"
"Mozilla/5.0 (Macintosh; Intel Mac OS X 10_11_6; en-US) AppleWebKit/11601.7.8 (KHTML, like Gecko) Version/7.0 Safari/537.71 OmniWeb/v630.0"
"Mozilla/5.0 (Macintosh; U; PowerPC Mac OS X 10_5_8; en-US) AppleWebKit/533.21.1 (KHTML, like Gecko, Safari/533.19.4) Version/6.0 OmniWeb/630.0"
"Mozilla/5.0 (Macintosh; U; PowerPC Mac OS X 10_5_8; en-US) AppleWebKit/533.21.1+(KHTML, like Gecko, Safari/533.19.4) Version/6.0 OmniWeb/629.0"
"Mozilla/5.0 (Macintosh; Intel Mac OS X 10_11_6; en-US) AppleWebKit/11601.7.8 (KHTML, like Gecko) Version/7.0 Safari/537.71 OmniWeb/v629.0"
"Mozilla/5.0 (Macintosh; Intel Mac OS X 10_11_6; en-US) AppleWebKit/11601.7.7 (KHTML, like Gecko) Version/7.0 Safari/537.71 OmniWeb/v628.0"
"Mozilla/5.0 (Macintosh; U; PowerPC Mac OS X 10_5_8; en-US) AppleWebKit/533.21.1 (KHTML, like Gecko, Safari/533.19.4) Version/6.0 OmniWeb/628.0"
"Mozilla/5.0 (Macintosh; U; PowerPC Mac OS X 10_5_8; en-US) AppleWebKit/533.21.1+(KHTML, like Gecko, Safari/533.19.4) Version/6.0 OmniWeb/628.0"
"Mozilla/5.0 (Macintosh; Intel Mac OS X 10_10_4; en-US) AppleWebKit/10600.7.12 (KHTML, like Gecko) Version/7.0 Safari/537.71 OmniWeb/v626.0"
"Mozilla/5.0 (Macintosh; Intel Mac OS X 10_10_5; en-US) AppleWebKit/10600.8.9 (KHTML, like Gecko) Version/7.0 Safari/537.71 OmniWeb/v626.0"
"Mozilla/5.0 (Macintosh; Intel Mac OS X 10_10_2; en-US) AppleWebKit/10600.3.18 (KHTML, like Gecko) Version/7.0 Safari/537.71 OmniWeb/v626.0"
"Mozilla/5.0 (Macintosh; Intel Mac OS X 10_10_0; en-US) AppleWebKit/10600.1.25 (KHTML, like Gecko) Version/7.0 Safari/537.71 OmniWeb/v626.0"
"Mozilla/5.0 (Macintosh; Intel Mac OS X 10_10_1; en-US) AppleWebKit/10600.1.25 (KHTML, like Gecko) Version/7.0 Safari/537.71 OmniWeb/v626.0"
"Mozilla/5.0 (Macintosh; Intel Mac OS X 10_10_3; en-US) AppleWebKit/10600.5.17 (KHTML, like Gecko) Version/7.0 Safari/537.71 OmniWeb/v626.0"
"Mozilla/5.0 (Macintosh; Intel Mac OS X 10_11_1; en-US) AppleWebKit/11601.2.4 (KHTML, like Gecko) Version/7.0 Safari/537.71 OmniWeb/v626.0"
"Mozilla/5.0 (Macintosh; Intel Mac OS X 10_11_5; en-US) AppleWebKit/11601.6.17 (KHTML, like Gecko) Version/7.0 Safari/537.71 OmniWeb/v626.0"
"Mozilla/5.0 (Macintosh; Intel Mac OS X 10_11_6; en-US) AppleWebKit/11601.7.7 (KHTML, like Gecko) Version/7.0 Safari/537.71 OmniWeb/v626.0"
"Mozilla/5.0 (Macintosh; Intel Mac OS X 10_11_4; en-US) AppleWebKit/11601.5.17.1 (KHTML, like Gecko) Version/7.0 Safari/537.71 OmniWeb/v626.0"
"Mozilla/5.0 (Macintosh; Intel Mac OS X 10_10_0; en-US) AppleWebKit/10600.1.25 (KHTML, like Gecko) Version/7.0 Safari/537.71 OmniWeb/v625.0"
"Mozilla/5.0 (Macintosh; Intel Mac OS X 10_9_4; en-US) AppleWebKit/9537.77.4 (KHTML, like Gecko) Version/7.0 Safari/537.71 OmniWeb/v625.0"
"Mozilla/5.0 (Macintosh; Intel Mac OS X 10_9_1; en-US) AppleWebKit/9537.73.11 (KHTML, like Gecko) Version/7.0 Safari/537.71 OmniWeb/v624.0"
"Mozilla/5.0 (Macintosh; U; Intel Mac OS X 10_5_6; en-US) AppleWebKit/528.16 (KHTML, like Gecko, Safari/528.16) OmniWeb/v622.8.0"
"Mozilla/5.0 (Macintosh; U; Intel Mac OS X 10_6_8; en-US) AppleWebKit/533.21.1+(KHTML, like Gecko, Safari/533.19.4) Version/5.11 OmniWeb/622.16.0"
"Mozilla/5.0 (Macintosh; U; Intel Mac OS X; en-US) AppleWebKit/525.18 (KHTML, like Gecko, Safari/525.20) OmniWeb/v622.6.1.0.111015"
"Mozilla/5.0 (Macintosh; U; Intel Mac OS X 10_6_8; en-US) AppleWebKit/533.21.1+(KHTML, like Gecko, Safari/533.19.4) Version/5.11.2 OmniWeb/622.19.3.0"
"Mozilla/5.0 (Macintosh; U; PowerPC Mac OS X 10_5_8; en-US) AppleWebKit/531.9 (KHTML, like Gecko, Safari/528.16) OmniWeb/v622.9.0"
"Mozilla/5.0 (Macintosh; U; PowerPC Mac OS X 10_4_11; en-US) AppleWebKit/533.21.1 (KHTML, like Gecko, Safari/533.19.4) Version/5.11.2 OmniWeb/622.19.3.0"
"Mozilla/5.0 (Macintosh; U; Intel Mac OS X 10_5_7; en-US) AppleWebKit/528.16 (KHTML, like Gecko, Safari/528.16) OmniWeb/v622.8.0"
"Mozilla/5.0 (Macintosh;U; Intel Mac OS X 10_5_8; en-US) AppleWebKit/533.21.1+(KHTML, like Gecko, Safari/533.19.4) Version/5.11.2 OmniWeb/622.19.3.0"
"Mozilla/5.0 (Macintosh; U; Intel Mac OS X 10_5_7; en-US) AppleWebKit/528.16+(KHTML, like Gecko, Safari/528.16) OmniWeb/v622.8.0"
"Mozilla/5.0 (Macintosh; U; Intel Mac OS X 10_6_2; en-US) AppleWebKit/531.21.8 (KHTML, like Gecko, Safari/528.16) OmniWeb/v622.11.0"
"Mozilla/5.0 (Macintosh; U; Intel Mac OS X 10_8_5; en-US) AppleWebKit/533.21.1+(KHTML, like Gecko, Safari/533.19.4) Version/5.11.2 OmniWeb/622.19.3.0"
"Mozilla/5.0 (Macintosh; U; Intel Mac OS X 10_5_7; en-US) AppleWebKit/530.18+(KHTML, like Gecko, Safari/528.16) OmniWeb/v622.8.0"
"Mozilla/5.0 (Macintosh; U; PowerPC Mac OS X 10_5_8; en-US) AppleWebKit/533.21.1 (KHTML, like Gecko, Safari/533.19.4) Version/5.11.2 OmniWeb/622.19.3.0"
"Mozilla/5.0 (Macintosh; U; Intel Mac OS X 10_9_5; en-US) AppleWebKit/533.21.1+(KHTML, like Gecko, Safari/533.19.4) Version/5.11.2 OmniWeb/622.19.3.0"
"Mozilla/5.0 (Macintosh; U; Intel Mac OS X; en-US) AppleWebKit/528.16 (KHTML, like Gecko, Safari/528.16) OmniWeb/v622.8.0.112941"
"Mozilla/5.0 (Macintosh; U; Intel Mac OS X 10_5_8; en-US) AppleWebKit/531.9+(KHTML, like Gecko, Safari/528.16) OmniWeb/v622.9.0"
"Mozilla/5.0 (Macintosh; U; PowerPC Mac OS X 10_4_11; en-US) AppleWebKit/533.21.1+(KHTML, like Gecko, Safari/533.19.4) Version/5.11 OmniWeb/622.16.0"
"Mozilla/5.0 (Macintosh: U: PowerPC Mac OS X 10_4_11: en-US) AppleWebKit/533.21.1+(KHTML, like Gecko, Safari/533.19.4) Version/5.11.2 OmniWeb/622.19.3.0"
"Mozilla/5.0 (Macintosh; U; Intel Mac OS X 10_6_2; en-US) AppleWebKit/531.21.8+(KHTML, like Gecko, Safari/528.16) OmniWeb/v622.11.0"
"Mozilla/5.0 (Macintosh; U; PowerPC Mac OS X 10_4_11; en-US) AppleWebKit/531.9 (KHTML, like Gecko, Safari/528.16) OmniWeb/v622.9.0"
"Mozilla/5.0 (Macintosh; U; PowerPC Mac OS X 10_4_10; en-US) AppleWebKit/533.21.1+(KHTML, like Gecko, Safari/533.19.4) Version/5.11.2 OmniWeb/622.19.3.0"
"Mozilla/5.0 (Macintosh; U; Intel Mac OS X 10_6_4; en-US) AppleWebKit/531.9+(KHTML, like Gecko, Safari/528.16) OmniWeb/v622.10.0"
"Mozilla/5.0 (Macintosh; U; PowerPC Mac OS X 10_5_1; en-US) AppleWebKit/533.21.1 (KHTML, like Gecko, Safari/533.19.4) Version/5.11.2 OmniWeb/622.19.3.0"
"Mozilla/5.0 (Macintosh; U; Intel Mac OS X; en-US) AppleWebKit/525.18 (KHTML, like Gecko, Safari/525.20) OmniWeb/v622.1.0.104087"
"Mozilla/5.0 (Macintosh; U; Intel Mac OS X 10_6_8; en-US) AppleWebKit/531.9+(KHTML, like Gecko, Safari/528.16) OmniWeb/v622.9.0"
"Mozilla/5.0 (Macintosh; U; Intel Mac OS X 10_6_8; en-US) AppleWebKit/533.21.1+(KHTML, like Gecko, Safari/533.19.4) Version/5.11.1 OmniWeb/622.18.0"
"Mozilla/5.0 (Macintosh; U; Intel Mac OS X 10_4_11; en-US) AppleWebKit/531.9+(KHTML, like Gecko, Safari/528.16) OmniWeb/v622.10.0"
"Mozilla/5.0 (Macintosh; U; Intel Mac OS X 10_5_8; en-US) AppleWebKit/533.21.1 (KHTML, like Gecko, Safari/533.19.4) Version/5.11.2 OmniWeb/622.19.3.0"
"Mozilla/5.0 (Macintosh; U; Intel Mac OS X 10_6_0; en-US) AppleWebKit/533.21.1+(KHTML, like Gecko, Safari/533.19.4) Version/5.11.2 OmniWeb/622.19.3.0"
"Mozilla/5.0 (Macintosh; U; Intel Mac OS X 10_6_3; en-US) AppleWebKit/531.9+(KHTML, like Gecko, Safari/528.16) OmniWeb/v622.10.0"
Mozilla/5.0 (Macintosh; U; Intel Mac OS X 10_5_6; en-US) AppleWebKit/528.16 (KHTML like Gecko Safari/528.16) OmniWeb/v622.8.0
"Mozilla/5.0 (Macintosh; U; PowerPC Mac OS X 10_4_11; en-US) AppleWebKit/533.21.1+(KHTML, like Gecko, Safari/533.19.4) Version/5.11.2 OmniWeb/622.19.3.0"
"Mozilla/5.0 (Macintosh; U; Intel Mac OS X 10_5_8; en-US) AppleWebKit/533.21.1+(KHTML, like Gecko, Safari/533.19.4) Version/5.11.2 OmniWeb/622.19.3.0"
"Mozilla/5.0 (Macintosh; U; PowerPC Mac OS X 10_5_8; en-US) AppleWebKit/533.21.1+(KHTML, like Gecko, Safari/533.19.4) Version/5.11.2 OmniWeb/622.19.3.0"
"Mozilla/5.0 (Macintosh; U; Intel Mac OS X 10_6_3; en-US) AppleWebKit/531.9 (KHTML, like Gecko, Safari/528.16) OmniWeb/v622.10.0"
"Mozilla/5.0 (Macintosh; U; PowerPC Mac OS X 10_4_11; en-US) AppleWebKit/531.9+(KHTML, like Gecko, Safari/528.16) OmniWeb/v622.9.0"
"Mozilla/5.0 (Linux; U; Android 9; S40) AppleWebkit/534.30 (KHTML, like Gecko) Version/4.0 Mobile Safari/534.30 Spotify/870201205 (6; 2; 7)"
"Mozilla/5.0 (Linux; U; Android 10; S40Pro) AppleWebkit/534.30 (KHTML, like Gecko) Version/4.0 Mobile Safari/534.30 Spotify/868801104 (6; 2; 7)"
"Mozilla/5.0 (Linux; U; Android 10; S40Pro) AppleWebkit/534.30 (KHTML, like Gecko) Version/4.0 Mobile Safari/534.30 Spotify/868601231 (6; 2; 7)"
"Mozilla/5.0 (Linux; U; Android 6.0.1; S60) AppleWebkit/534.30 (KHTML, like Gecko) Version/4.0 Mobile Safari/534.30 Spotify/867401176 (6; 2; 7)"
"Mozilla/5.0 (Linux; U; Android 9; S40) AppleWebkit/534.30 (KHTML, like Gecko) Version/4.0 Mobile Safari/534.30 Spotify/866201029 (6; 2; 7)"
"Mozilla/5.0 (Linux; U; Android 6.0.1; S60) AppleWebkit/534.30 (KHTML, like Gecko) Version/4.0 Mobile Safari/534.30 Spotify/866001126 (6; 2; 7)"
Opera/9399 (Symbian OS; U) Nokia 6670/7.0642.0
"Mozilla/5.0 (Linux; Android 8.1.0; S60Lite Build/O11019) AppleWebKit/537.36 (KHTML, like Gecko) Version/4.0 Chrome/101.0.4951.41 Mobile Safari/537.36 Maxthon/9000"
"Mozilla/5.0 (Linux; Android 9; S40 Build/P00610) AppleWebKit/537.36 (KHTML, like Gecko) Version/4.0 Chrome/96.0.4664.45 Mobile Safari/537.36 Maxthon/4800"
"Mozilla/5.0 (Linux; Android 7.0; S60 Build/NRD90M) AppleWebKit/537.36 (KHTML, like Gecko) Version/4.0 Chrome/51.0.2704.91 Mobile Safari/537.36 Maxthon/4800"
"Mozilla/5.0 (Linux; Android 6.0; FS408 Build/MRA58K) AppleWebKit/537.36 (KHTML, like Gecko) Version/4.0 Chrome/55.0.2883.91 Mobile Safari/537.36 Maxthon/3444"
"Mozilla/5.0 (Linux; Android 7.0; S60 Build/NRD90M) AppleWebKit/537.36 (KHTML, like Gecko) Version/4.0 Chrome/51.0.2704.91 Mobile Safari/537.36 Maxthon/3444"
"Mozilla/5.0 (Linux; Android 7.0; S60 Lite Build/NRD90M) AppleWebKit/537.36 (KHTML, like Gecko) Version/4.0 Chrome/89.0.4389.105 Mobile Safari/537.36 Maxthon/3444"
"Mozilla/5.0 (Linux; Android 4.4.4; Lenovo S60-t Build/KTU84P) AppleWebKit/537.36 (KHTML, like Gecko) Version/4.0 Chrome/33.0.0.0 Mobile Safari/537.36 Maxthon/3254"
"Mozilla/5.0 (Linux; Android 5.1; S40 Build/LMY47O) AppleWebKit/537.36 (KHTML, like Gecko) Version/4.0 Chrome/77.0.3865.116 Mobile Safari/537.36 Maxthon/3241"
"Mozilla/5.0 (Linux; Android 6.0.1; S60 Build/MMB29M) AppleWebKit/537.36 (KHTML, like Gecko) Version/4.0 Chrome/79.0.3945.79 Mobile Safari/537.36 Maxthon/3241"
"Mozilla/5.0 (Linux; Android 6.0.1; S60 Build/MMB29M) AppleWebKit/537.36 (KHTML, like Gecko) Version/4.0 Chrome/80.0.3987.87 Mobile Safari/537.36 Maxthon/3241"
"Mozilla/5.0 (Linux; Android 6.0.1; S60 Build/MMB29M) AppleWebKit/537.36 (KHTML, like Gecko) Version/4.0 Chrome/79.0.3945.136 Mobile Safari/537.36 Maxthon/3241"
"Mozilla/5.0 (Linux; Android 7.0; S60 Lite Build/NRD90M) AppleWebKit/537.36 (KHTML, like Gecko) Version/4.0 Chrome/81.0.4044.111 Mobile Safari/537.36 Maxthon/3241"
"Mozilla/5.0 (Linux; Android 7.0; S60 Build/NRD90M) AppleWebKit/537.36 (KHTML, like Gecko) Version/4.0 Chrome/85.0.4183.127 Mobile Safari/537.36 Maxthon/3241"
"Mozilla/5.0 (Linux; Android 6.0.1; S60 Build/MMB29M) AppleWebKit/537.36 (KHTML, like Gecko) Version/4.0 Chrome/99.0.4844.58 Mobile Safari/537.36 Maxthon/3241"
"Mozilla/5.0 (Linux; Android 6.0.1; S60 Build/MMB29M) AppleWebKit/537.36 (KHTML, like Gecko) Version/4.0 Chrome/78.0.3904.108 Mobile Safari/537.36 Maxthon/3241"
"Mozilla/5.0 (Linux; Android 4.4.2; S400 Build/KOT49H) AppleWebKit/537.36 (KHTML, like Gecko) Version/4.0 Chrome/30.0.0.0 Safari/537.36 Maxthon/3241"
"Mozilla/5.0 (Linux; Android 7.1.1; SHV39 Build/S6079) AppleWebKit/537.36 (KHTML, like Gecko) Version/4.0 Chrome/72.0.3626.76 Mobile Safari/537.36 Maxthon/3241"
"Mozilla/5.0 (Linux; Android 6.0.1; S60 Build/MMB29M) AppleWebKit/537.36 (KHTML, like Gecko) Version/4.0 Chrome/84.0.4147.89 Mobile Safari/537.36 Maxthon/3241"
"Mozilla/5.0 (Linux; Android 6.0.1; S60 Build/MMB29M) AppleWebKit/537.36 (KHTML, like Gecko) Version/4.0 Chrome/69.0.3497.100 Mobile Safari/537.36 Maxthon/3241"
"Mozilla/5.0 (Linux; Android 4.4.4; Lenovo S60-t Build/KTU84P) AppleWebKit/537.36 (KHTML, like Gecko) Version/4.0 Chrome/33.0.0.0 Mobile Safari/537.36 Maxthon/3241"
"Mozilla/5.0 (Linux; Android 9; S40 Build/P00610) AppleWebKit/537.36 (KHTML, like Gecko) Version/4.0 Chrome/87.0.4280.66 Mobile Safari/537.36 Maxthon/3241"
"Mozilla/5.0 (Linux; Android 7.0; S60 Build/NRD90M) AppleWebKit/537.36 (KHTML, like Gecko) Version/4.0 Chrome/51.0.2704.91 Mobile Safari/537.36 Maxthon/3241"
"Mozilla/5.0 (Linux; Android 6.0.1; S60 Build/MMB29M) AppleWebKit/537.36 (KHTML, like Gecko) Version/4.0 Chrome/55.0.2883.91 Mobile Safari/537.36 Maxthon/3240"
"Mozilla/5.0 (Linux; Android 5.1; iris605 Build/LMY47I; wv) AppleWebKit/537.36 (KHTML, like Gecko) Version/4.0 Chrome/95.0.4638.74 Mobile Safari/537.36[FBAN/EMA;FBLC/en_US;FBAV/325.0.1.4.108;]"
"Mozilla/5.0 (Linux; Android 5.1; iris605 Build/LMY47I; wv) AppleWebKit/537.36 (KHTML, like Gecko) Version/4.0 Chrome/79.0.3945.136 Mobile Safari/537.36"
"Mozilla/5.0 (Linux; Android 5.1; iris605 Build/LMY47I; wv) AppleWebKit/537.36 (KHTML, like Gecko) Version/4.0 Chrome/95.0.4638.74 Mobile Safari/537.36[FBAN/EMA;FBLC/en_GB;FBAV/286.0.0.5.105;]"
"Mozilla/5.0 (Linux; U; Android 5.1; iris605 Build/LMY47I; wv) AppleWebKit/537.36 (KHTML, like Gecko) Version/4.0 Chrome/87.0.4280.101 Mobile Safari/537.36 OPR/54.0.2254.55624"
"Mozilla/5.0 (Linux; Android 5.1; iris605 Build/LMY47I; wv) AppleWebKit/537.36 (KHTML, like Gecko) Version/4.0 Chrome/91.0.4472.164 Mobile Safari/537.36"
"Mozilla/5.0 (Linux; U; Android 5.1; iris605 Build/LMY47I; wv) AppleWebKit/537.36 (KHTML, like Gecko) Version/4.0 Chrome/46.0.2490.76 Mobile Safari/537.36 OPR/39.1.2254.136743"
"Mozilla/5.0 (Linux; U; Android 5.1; en-US; iris605 Build/LMY47I) AppleWebKit/534.30 (KHTML, like Gecko) Version/4.0 UCBrowser/10.7.5.658 U3/0.8.0 Mobile Safari/534.30"
"Mozilla/5.0 (Linux; Android 5.1; iris605 Build/LMY47I; wv) AppleWebKit/537.36 (KHTML, like Gecko) Version/4.0 Chrome/46.0.2490.76 Mobile Safari/537.36[FBAN/EMA;FBLC/bn_IN;FBAV/268.0.0.5.116;]"
"Mozilla/5.0 (Linux; Android 5.1; iris605 Build/LMY47I; wv) AppleWebKit/537.36 (KHTML, like Gecko) Version/4.0 Chrome/95.0.4638.74 Mobile Safari/537.36[FBAN/EMA;FBLC/en_US;FBAV/303.0.0.7.106;]"
"Mozilla/5.0 (Linux; Android 5.1; iris605 Build/LMY47I; wv) AppleWebKit/537.36 (KHTML, like Gecko) Version/4.0 Chrome/83.0.4103.106 Mobile Safari/537.36"
"Mozilla/5.0 (Linux; U; Android 5.1; iris605 Build/LMY47I; wv) AppleWebKit/537.36 (KHTML, like Gecko) Version/4.0 Chrome/46.0.2490.76 Mobile Safari/537.36 OPR/39.1.2254.136638"
"Mozilla/5.0 (Linux; Android 5.1; iris605 Build/LMY47I) AppleWebKit/537.36 (KHTML, like Gecko) Chrome/69.0.3497.100 Mobile Safari/537.36"
"Mozilla/5.0 (Linux; Android 5.1; iris605) AppleWebKit/537.36 (KHTML, like Gecko) Chrome/91.0.4472.114 Mobile Safari/537.36 OPR/64.2.3282.60128"
"Mozilla/5.0 (Linux; Android 5.1; iris605 Build/LMY47I; wv) AppleWebKit/537.36 (KHTML, like Gecko) Version/4.0 Chrome/95.0.4638.74 Mobile Safari/537.36 [FB_IAB/FB4A;FBAV/300.2.0.58.129;]"
"Mozilla/5.0 (Linux; Android 5.1; iris605 Build/LMY47I; wv) AppleWebKit/537.36 (KHTML, like Gecko) Version/4.0 Chrome/46.0.2490.76 Mobile Safari/537.36[FBAN/EMA;FBLC/bn_IN;FBAV/263.0.0.11.117;]"
"Mozilla/5.0 (Linux; Android 5.1; iris605 Build/LMY47I; wv) AppleWebKit/537.36 (KHTML, like Gecko) Version/4.0 Chrome/46.0.2490.76 Mobile Safari/537.36 XXXAndroidApp/0.30"
"Mozilla/5.0 (Linux; U; Android 5.1; en-US; iris605 Build/LMY47I) AppleWebKit/534.30 (KHTML, like Gecko) Version/4.0 UCBrowser/11.4.8.1012 (SpeedMode) U4/1.0 UCWEB/2.0 Mobile Safari/534.30"
"Mozilla/5.0 (Linux; Android 5.1; iris605 Build/LMY47I; wv) AppleWebKit/537.36 (KHTML, like Gecko) Version/4.0 Chrome/95.0.4638.74 Mobile Safari/537.36[FBAN/EMA;FBLC/en_US;FBAV/313.0.0.7.110;]"
"Mozilla/5.0 (Linux; Android 5.1; iris605) AppleWebKit/537.36 (KHTML, like Gecko) Chrome/85.0.4183.127 Mobile Safari/537.36"
"Mozilla/5.0 (Linux; U; Android 5.1; iris605 Build/LMY47I; wv) AppleWebKit/537.36 (KHTML, like Gecko) Version/4.0 Chrome/46.0.2490.76 Mobile Safari/537.36 OPR/42.0.2254.139276"